{
    "active": 1,
    "postion": {
        "x": 3.673668146133423,
        "y": -4.905135154724121,
        "z": 51.03733444213867
    },
    "Yaw": -47296.0
}