{
    "active": 0,
    "postion": {
        "x": 1.2411432266235352,
        "y": -4.905135631561279,
        "z": 45.84046173095703
    },
    "Yaw": -11812.25
}