{
    "active": 1,
    "postion": {
        "x": -0.016686441376805307,
        "y": -4.905137538909912,
        "z": 43.19256591796875
    },
    "Yaw": -65625.75
}